state,district,name,incumbent,status
AL,4,Amanda Pusczek,No,On the Ballot Primary
AL,4,Shane Weaver,No,On the Ballot Primary
AL,5,Jeremy Devito,No,On the Ballot Primary
AL,5,Candice Duvieilh,No,On the Ballot Primary
AL,5,Andrew Sneed,No,On the Ballot Primary
AK,1,Matthew Schultz,No,Candidacy Declared Primary
AK,1,John Brendan Williams,No,Candidacy Declared Primary
AZ,1,Andres Barraza,No,Candidacy Declared Primary
AZ,1,Brian Del Vecchio,No,Candidacy Declared Primary
AZ,1,Brandon Donnelly,No,Candidacy Declared Primary
AZ,1,Marlene Galán-Woods,No,Candidacy Declared Primary
AZ,1,Mark Robert Gordon,No,Candidacy Declared Primary
AZ,1,Daniel Lucio,No,Candidacy Declared Primary
AZ,1,Rick McCartney,No,Candidacy Declared Primary
AZ,1,Angie Montoya,No,Candidacy Declared Primary
AZ,1,Amish Shah,No,Candidacy Declared Primary
AZ,1,Jonathan Treble,No,Candidacy Declared Primary
AZ,2,Jonathan Nez,No,Candidacy Declared Primary
AZ,3,Yassamin Ansari,Yes,Candidacy Declared Primary
AZ,3,Sandy Cano-Bravo,No,Candidacy Declared Primary
AZ,4,Greg Stanton,Yes,Candidacy Declared Primary
AZ,4,Kai Newkirk,No,Candidacy Declared Primary
AZ,5,Brian Hualde,No,Candidacy Declared Primary
AZ,5,Chris James,No,Candidacy Declared Primary
AZ,5,Elizabeth Lee,No,Candidacy Declared Primary
AZ,5,Evan Olson,No,Candidacy Declared Primary
AZ,5,Justin Poff,No,Candidacy Declared Primary
AZ,6,Johnathan Buma,No,Candidacy Declared Primary
AZ,6,Chris Donat,No,Candidacy Declared Primary
AZ,6,JoAnna Mendoza,No,Candidacy Declared Primary
AZ,6,Carter Weeks,No,Candidacy Declared Primary
AZ,7,Adelita Grijalva,Yes,Candidacy Declared Primary
AZ,8,Jillian Barfield,No,Candidacy Declared Primary
AZ,8,Maria Flores,No,Candidacy Declared Primary
AZ,8,Bernadette Greene Placentia,No,Candidacy Declared Primary
AZ,8,Raymond Keeler,No,Candidacy Declared Primary
AZ,9,Keith Lara,No,Candidacy Declared Primary
AZ,9,Danielle Sterbinsky,No,Candidacy Declared Primary
AZ,9,Camelia Ward,No,Candidacy Declared Primary
AR,2,Chris Jones,No,Advanced Primary
AR,2,Zack Huffman,No,Lost Primary
AR,4,James Russell,No,Advanced Primary
AR,4,Steven O'Donnell,No,Lost Primary
CA,1,Audrey Denney,No,On the Ballot Primary
CA,1,Mike McGuire,No,On the Ballot Primary
CA,1,Audrey Denney,No,On the Ballot Primary
CA,1,Janice Karrman,No,On the Ballot Primary
CA,1,Mike McGuire,No,On the Ballot Primary
CA,2,Jared Huffman,Yes,On the Ballot Primary
CA,2,Rose Penelope Yee,No,On the Ballot Primary
CA,3,Ami Bera,Yes,On the Ballot Primary
CA,3,Chris Bennett,No,On the Ballot Primary
CA,3,Lyndon Cervantes,No,On the Ballot Primary
CA,3,Heidi Hall,No,On the Ballot Primary
CA,4,Mike Thompson,Yes,On the Ballot Primary
CA,4,Eric Jones,No,On the Ballot Primary
CA,5,Mike Barkley,No,On the Ballot Primary
CA,5,Michael Masuda,No,On the Ballot Primary
CA,5,Dan Stroud,No,On the Ballot Primary
CA,6,Lauren Babb Tomlinson,No,On the Ballot Primary
CA,6,Martha Guerrero,No,On the Ballot Primary
CA,6,Thien Ho,No,On the Ballot Primary
CA,6,Richard Pan,No,On the Ballot Primary
CA,6,Tyler Vandenberg,No,On the Ballot Primary
CA,7,Doris Matsui,Yes,On the Ballot Primary
CA,7,Robert Morin,No,On the Ballot Primary
CA,7,Enayat Nazhat,No,On the Ballot Primary
CA,7,Mai Vang,No,On the Ballot Primary
CA,8,John Garamendi,Yes,On the Ballot Primary
CA,8,Nicolas Carjuzaa,No,On the Ballot Primary
CA,8,Aaron Rowden,No,On the Ballot Primary
CA,9,Josh Harder,Yes,On the Ballot Primary
CA,10,Mark DeSaulnier,Yes,On the Ballot Primary
CA,10,Josh Hamilton,No,On the Ballot Primary
CA,10,Mitchell Maisler,No,On the Ballot Primary
CA,10,Bob Rowland,No,On the Ballot Primary
CA,11,John Buffler,No,On the Ballot Primary
CA,11,Saikat Chakrabarti,No,On the Ballot Primary
CA,11,Connie Chan,No,On the Ballot Primary
CA,11,Keith Freedman,No,On the Ballot Primary
CA,11,Omed Hamid,No,On the Ballot Primary
CA,11,Gregory Haynes,No,On the Ballot Primary
CA,11,Marie Hurabiell,No,On the Ballot Primary
CA,11,Scott Wiener,No,On the Ballot Primary
CA,12,Lateefah Simon,Yes,On the Ballot Primary
CA,12,Jamie Joyce,No,On the Ballot Primary
CA,13,Adam Gray,Yes,On the Ballot Primary
CA,13,Daniel Garibay Rodriguez,No,On the Ballot Primary
CA,14,Victor Aguilar,No,On the Ballot Primary
CA,14,Carin Elam,No,On the Ballot Primary
CA,14,Melissa Hernandez,No,On the Ballot Primary
CA,14,Rakhi Israni,No,On the Ballot Primary
CA,14,Matt Ortega,No,On the Ballot Primary
CA,14,Aisha Wahab,No,On the Ballot Primary
CA,15,Kevin Mullin,Yes,On the Ballot Primary
CA,15,Anthony Dang,No,On the Ballot Primary
CA,15,Mantosh Kumar,No,On the Ballot Primary
CA,16,Sam Liccardo,Yes,On the Ballot Primary
CA,17,Ro Khanna,Yes,On the Ballot Primary
CA,17,Ethan Agarwal,No,On the Ballot Primary
CA,17,Mike Katz,No,On the Ballot Primary
CA,18,Zoe Lofgren,Yes,On the Ballot Primary
CA,18,Luis Acevedo-Arreguin,No,On the Ballot Primary
CA,19,Jimmy Panetta,Yes,On the Ballot Primary
CA,19,Sean Dougherty,No,On the Ballot Primary
CA,20,Sandra Van Scotter,No,On the Ballot Primary
CA,21,Jim Costa,Yes,On the Ballot Primary
CA,21,Eric Garcia,No,On the Ballot Primary
CA,21,Lourin Hubbard,No,On the Ballot Primary
CA,22,Jasmeet Bains,No,On the Ballot Primary
CA,22,Randy Villegas,No,On the Ballot Primary
CA,23,Tessa Lynn Hodge,No,On the Ballot Primary
CA,23,Karsten Nicholson,No,On the Ballot Primary
CA,23,Pat Wallis,No,On the Ballot Primary
CA,24,Salud Carbajal,Yes,On the Ballot Primary
CA,24,Sarah Bacon,No,On the Ballot Primary
CA,25,Raul Ruiz,Yes,On the Ballot Primary
CA,26,Sonia Devgan-Kacker,No,On the Ballot Primary
CA,26,Chris Espinosa,No,On the Ballot Primary
CA,26,Liam Hernandez,No,On the Ballot Primary
CA,26,Jacqui Irwin,No,On the Ballot Primary
CA,26,Sasan Samadzadeh,No,On the Ballot Primary
CA,27,George Whitesides,Yes,On the Ballot Primary
CA,27,Caleb Norwood,No,On the Ballot Primary
CA,27,Roberto Ramos,No,On the Ballot Primary
CA,28,Judy Chu,Yes,On the Ballot Primary
CA,28,Peter Roybal,No,On the Ballot Primary
CA,29,Luz Maria Rivas,Yes,On the Ballot Primary
CA,29,Angélica María Dueñas,No,On the Ballot Primary
CA,30,Laura Friedman,Yes,On the Ballot Primary
CA,30,Pini Herman,No,On the Ballot Primary
CA,30,Joel Lava,No,On the Ballot Primary
CA,30,Cameron Tennyson,No,On the Ballot Primary
CA,31,Gil Cisneros,Yes,On the Ballot Primary
CA,32,Brad Sherman,Yes,On the Ballot Primary
CA,32,Christopher Ahuja,No,On the Ballot Primary
CA,32,Dory Benami,No,On the Ballot Primary
CA,32,Jake Levine,No,On the Ballot Primary
CA,32,Marena Lin,No,On the Ballot Primary
CA,32,Josh Sautter,No,On the Ballot Primary
CA,32,Anna Wilding,No,On the Ballot Primary
CA,33,Pete Aguilar,Yes,On the Ballot Primary
CA,33,Antonis Christodoulou,No,On the Ballot Primary
CA,34,Jimmy Gomez,Yes,On the Ballot Primary
CA,34,Arthur Dixon,No,On the Ballot Primary
CA,34,Angela Gonzales-Torres,No,On the Ballot Primary
CA,34,Robert Lucero,No,On the Ballot Primary
CA,35,Norma Torres,Yes,On the Ballot Primary
CA,36,Ted Lieu,Yes,On the Ballot Primary
CA,36,Rustin Knudtson,No,On the Ballot Primary
CA,36,Frederick Reardon,No,On the Ballot Primary
CA,36,Marianne Shamma,No,On the Ballot Primary
CA,37,Sydney Kamlager-Dove,Yes,On the Ballot Primary
CA,37,Ryan Duckett,No,On the Ballot Primary
CA,37,Elizabeth Fenner,No,On the Ballot Primary
CA,37,Todd Lombardo,No,On the Ballot Primary
CA,37,Samantha Mota,No,On the Ballot Primary
CA,38,Erik Lutz,No,On the Ballot Primary
CA,38,Monica Sanchez,No,On the Ballot Primary
CA,38,Hilda Solis,No,On the Ballot Primary
CA,39,Mark Takano,Yes,On the Ballot Primary
CA,40,Francis Hoffman,No,On the Ballot Primary
CA,40,Claude Keissieh,No,On the Ballot Primary
CA,40,Joe Kerr,No,On the Ballot Primary
CA,40,Lisa Ramirez,No,On the Ballot Primary
CA,40,Esther Kim Varet,No,On the Ballot Primary
CA,41,Linda Sánchez,Yes,On the Ballot Primary
CA,41,Hector De La Torre,No,On the Ballot Primary
CA,41,Shonique Williams,No,On the Ballot Primary
CA,42,Robert Garcia,Yes,On the Ballot Primary
CA,43,Maxine Waters,Yes,On the Ballot Primary
CA,43,Myla Rahman,No,On the Ballot Primary
CA,43,David Sedlik,No,On the Ballot Primary
CA,44,Nanette Barragán,Yes,On the Ballot Primary
CA,45,Derek Tran,Yes,On the Ballot Primary
CA,46,Lou Correa,Yes,On the Ballot Primary
CA,46,Francisco Bahena,No,On the Ballot Primary
CA,46,Christian Mendez,No,On the Ballot Primary
CA,46,Armando Perez-Serrato,No,On the Ballot Primary
CA,47,Dave Min,Yes,On the Ballot Primary
CA,47,Hunter Miranda,No,On the Ballot Primary
CA,48,Ammar Campa-Najjar,No,On the Ballot Primary
CA,48,Abel Chavez,No,On the Ballot Primary
CA,48,Stephen Clemons,No,On the Ballot Primary
CA,48,Corinna Contreras,No,On the Ballot Primary
CA,48,Ferguson Porter,No,On the Ballot Primary
CA,48,Brandon Riker,No,On the Ballot Primary
CA,48,Mike Schaefer,No,On the Ballot Primary
CA,48,Eric Shaw,No,On the Ballot Primary
CA,48,Marni von Wilpert,No,On the Ballot Primary
CA,49,Mike Levin,Yes,On the Ballot Primary
CA,50,Scott Peters,Yes,On the Ballot Primary
CA,50,Tim Arnous,No,On the Ballot Primary
CA,50,Aishwarya Mitra,No,On the Ballot Primary
CA,51,Sara Jacobs,Yes,On the Ballot Primary
CA,51,Stan Caplan,No,On the Ballot Primary
CA,51,David Engel,No,On the Ballot Primary
CA,52,Juan Vargas,Yes,On the Ballot Primary
CA,52,Deborah Calhoun Rhodes,No,On the Ballot Primary
CO,1,Diana DeGette,Yes,Candidacy Declared Primary
CO,1,Carter Hanson,No,Candidacy Declared Primary
CO,1,Wanda James,No,Candidacy Declared Primary
CO,1,Melat Kiros,No,Candidacy Declared Primary
CO,1,Christopher Oldfield,No,Candidacy Declared Primary
CO,1,Santiago Palomino,No,Candidacy Declared Primary
CO,1,Tiffany Rodgers,No,Candidacy Declared Primary
CO,2,Joe Neguse,Yes,Candidacy Declared Primary
CO,2,Cinque Mason,No,Candidacy Declared Primary
CO,3,Alex Kelloff,No,Candidacy Declared Primary
CO,3,Dwayne Romero,No,Candidacy Declared Primary
CO,4,Trisha Calvarese,No,Candidacy Declared Primary
CO,4,Eileen Laubacher,No,Candidacy Declared Primary
CO,4,John Padora Jr.,No,Candidacy Declared Primary
CO,4,Jenna Preston,No,Candidacy Declared Primary
CO,5,Jessica Killin,No,Candidacy Declared Primary
CO,5,Justice Lord,No,Candidacy Declared Primary
CO,5,Joe Reagan,No,Candidacy Declared Primary
CO,5,Jamey Smith,No,Candidacy Declared Primary
CO,5,Michelle Tweed,No,Candidacy Declared Primary
CO,6,Jason Crow,Yes,Candidacy Declared Primary
CO,6,Travis Dishon,No,Candidacy Declared Primary
CO,6,Dylan Shelby,No,Candidacy Declared Primary
CO,7,Brittany Pettersen,Yes,Candidacy Declared Primary
CO,8,Shannon Bird,No,Candidacy Declared Primary
CO,8,Daniel Hassler,No,Candidacy Declared Primary
CO,8,Larry Johnson,No,Candidacy Declared Primary
CO,8,Evan Munsing,No,Candidacy Declared Primary
CO,8,Manny Rutinel,No,Candidacy Declared Primary
CO,8,John Szemler,No,Candidacy Declared Primary
CT,1,John Larson,Yes,Candidacy Declared Primary
CT,1,Luke Bronin,No,Candidacy Declared Primary
CT,1,Ruth Fortune,No,Candidacy Declared Primary
CT,1,Jillian Gilchrest,No,Candidacy Declared Primary
CT,1,Mark Stewart Greenstein,No,Candidacy Declared Primary
CT,2,Joe Courtney,Yes,Candidacy Declared Primary
CT,2,Kyle Gauck,No,Candidacy Declared Primary
CT,3,Rosa L. DeLauro,Yes,Candidacy Declared Primary
CT,3,Damjan DeNoble,No,Candidacy Declared Primary
CT,3,Andrew Rice,No,Candidacy Declared Primary
CT,4,Jim Himes,Yes,Candidacy Declared Primary
CT,4,Joseph Perez-Caputo,No,Candidacy Declared Primary
CT,5,Jahana Hayes,Yes,Candidacy Declared Primary
CT,5,Winter Solomita,No,Candidacy Declared Primary
CT,5,Jackson Taddeo-Waite,No,Candidacy Declared Primary
DE,1,Sarah McBride,Yes,Candidacy Declared Primary
DC,1,Trent Holbrook,No,On the Ballot Primary
DC,1,Greg Jaczko,No,On the Ballot Primary
DC,1,Brooke Pinto,No,On the Ballot Primary
DC,1,Robert White,No,On the Ballot Primary
DC,1,Kinney Zalesne,No,On the Ballot Primary
FL,1,Gay Valimont,No,Candidacy Declared Primary
FL,2,Yen Bailey,No,Candidacy Declared Primary
FL,2,Brice Barnes,No,Candidacy Declared Primary
FL,2,Amanda Green,No,Candidacy Declared Primary
FL,2,Nicholas Zateslo,No,Candidacy Declared Primary
FL,3,Rock Aboujaoude Jr.,No,Candidacy Declared Primary
FL,3,Troy Albers,No,Candidacy Declared Primary
FL,3,Seth Harp,No,Candidacy Declared Primary
FL,3,George Hubac,No,Candidacy Declared Primary
FL,3,Tom Wells,No,Candidacy Declared Primary
FL,4,Michael Kirwan,No,Candidacy Declared Primary
FL,4,Ricky Knoles,No,Candidacy Declared Primary
FL,4,Brittney Robinson,No,Candidacy Declared Primary
FL,5,Rachel Grage,No,Candidacy Declared Primary
FL,5,Alexander Hazen,No,Candidacy Declared Primary
FL,5,Mark Heggestad,No,Candidacy Declared Primary
FL,5,Eli Johnson,No,Candidacy Declared Primary
FL,6,Robert Cooper II,No,Candidacy Declared Primary
FL,6,Jennifer Jenkins,No,Candidacy Declared Primary
FL,6,Steve Morgan,No,Candidacy Declared Primary
FL,6,Ronnie Murchinson-Rivera,No,Candidacy Declared Primary
FL,6,James Stockton,No,Candidacy Declared Primary
FL,6,Eric Yonce,No,Candidacy Declared Primary
FL,7,Jennifer Adams,No,Candidacy Declared Primary
FL,7,George Bock,No,Candidacy Declared Primary
FL,7,Bale Dalton,No,Candidacy Declared Primary
FL,7,Benjamin Ewers,No,Candidacy Declared Primary
FL,7,Marialana Kinter,No,Candidacy Declared Primary
FL,7,Noah Widmann,No,Candidacy Declared Primary
FL,8,Paul Dellinger,No,Candidacy Declared Primary
FL,8,Colby Shock,No,Candidacy Declared Primary
FL,9,Darren Soto,Yes,Candidacy Declared Primary
FL,10,Maxwell Alejandro Frost,Yes,Candidacy Declared Primary
FL,11,Shawn Bettis,No,Candidacy Declared Primary
FL,11,Barbie Harden Hall,No,Candidacy Declared Primary
FL,11,Royal Webster,No,Candidacy Declared Primary
FL,11,Dan Williams,No,Candidacy Declared Primary
FL,12,Christopher Irizarry,No,Candidacy Declared Primary
FL,13,Fatima Aguerjout,No,Candidacy Declared Primary
FL,13,John Fay,No,Candidacy Declared Primary
FL,13,Earle Ford,No,Candidacy Declared Primary
FL,13,Leela Gray,No,Candidacy Declared Primary
FL,13,Karla Kemp,No,Candidacy Declared Primary
FL,13,Susan Leff,No,Candidacy Declared Primary
FL,13,John Liccione,No,Candidacy Declared Primary
FL,13,Jeff Moore,No,Candidacy Declared Primary
FL,13,Reggie Paros,No,Candidacy Declared Primary
FL,13,Brandt Robinson,No,Candidacy Declared Primary
FL,14,Kathy Castor,Yes,Candidacy Declared Primary
FL,14,Juan Arauz,No,Candidacy Declared Primary
FL,15,Jose Engell,No,Candidacy Declared Primary
FL,15,Darren McAuley,No,Candidacy Declared Primary
FL,15,Kimberly Overman,No,Candidacy Declared Primary
FL,15,Robert People,No,Candidacy Declared Primary
FL,16,Jonathan Harris,No,Candidacy Declared Primary
FL,16,Tamika Lyles,No,Candidacy Declared Primary
FL,16,Glenn Pearson,No,Candidacy Declared Primary
FL,16,Jan Schneider,No,Candidacy Declared Primary
FL,17,Matthew Montavon,No,Candidacy Declared Primary
FL,17,Allen Spence,No,Candidacy Declared Primary
FL,18,Curtis Gibson,No,Candidacy Declared Primary
FL,18,Tiffanie Luong,No,Candidacy Declared Primary
FL,19,Victor Arias,No,Candidacy Declared Primary
FL,19,Jared Kane,No,Candidacy Declared Primary
FL,19,Howard Sapp,No,Candidacy Declared Primary
FL,20,Luther Campbell,No,Candidacy Declared Primary
FL,20,Mark Douglas,No,Candidacy Declared Primary
FL,20,Dale Holness,No,Candidacy Declared Primary
FL,20,Elijah Manley,No,Candidacy Declared Primary
FL,20,Rudy Moise,No,Candidacy Declared Primary
FL,20,Maisha Williams,No,Candidacy Declared Primary
FL,21,Pia Dandiya,No,Candidacy Declared Primary
FL,21,James Martin,No,Candidacy Declared Primary
FL,21,Edward O'Connor,No,Candidacy Declared Primary
FL,21,Elizabeth Pandich,No,Candidacy Declared Primary
FL,21,Bernard Taylor,No,Candidacy Declared Primary
FL,22,Lois Frankel,Yes,Candidacy Declared Primary
FL,22,Ian Blake,No,Candidacy Declared Primary
FL,22,Victoria Doyle,No,Candidacy Declared Primary
FL,23,Jared Evan Moskowitz,Yes,Candidacy Declared Primary
FL,23,Oliver Larkin,No,Candidacy Declared Primary
FL,24,Frederica S. Wilson,Yes,Candidacy Declared Primary
FL,24,Christine Sanon-Jules,No,Candidacy Declared Primary
FL,25,Debbie Wasserman Schultz,Yes,Candidacy Declared Primary
FL,26,Yurina Gil,No,Candidacy Declared Primary
FL,26,Nicole Locklin,No,Candidacy Declared Primary
FL,27,Mike Davey,No,Candidacy Declared Primary
FL,27,Alexander Fornino,No,Candidacy Declared Primary
FL,27,Lev Parnas,No,Candidacy Declared Primary
FL,27,Robin Peguero,No,Candidacy Declared Primary
FL,27,Eliott Rodriguez,No,Candidacy Declared Primary
FL,28,Phil Ehr,No,Candidacy Declared Primary
FL,28,Hector Mujica,No,Candidacy Declared Primary
GA,1,Defonsio Daniels,No,On the Ballot Primary
GA,1,Joyce Marie Griggs,No,On the Ballot Primary
GA,1,Amanda Hollowell,No,On the Ballot Primary
GA,1,Michael McCord,No,On the Ballot Primary
GA,1,Joseph Palimeno,No,On the Ballot Primary
GA,1,Sharon Stokes-Williamson,No,On the Ballot Primary
GA,1,Patrick Wilver,No,On the Ballot Primary
GA,1,Randy Zurcher,No,On the Ballot Primary
GA,2,Sanford Bishop Jr.,Yes,On the Ballot Primary
GA,3,George Melville Johnson,No,On the Ballot Primary
GA,3,Maura Keller,No,On the Ballot Primary
GA,4,Hank Johnson,Yes,On the Ballot Primary
GA,4,Ansel Postell,No,On the Ballot Primary
GA,4,Benedict Truman,No,On the Ballot Primary
GA,5,Nikema Williams,Yes,On the Ballot Primary
GA,5,Arnetress Beatty,No,On the Ballot Primary
GA,6,Lucy McBath,Yes,On the Ballot Primary
GA,7,Tony Kozycki,No,On the Ballot Primary
GA,7,Larry Long,No,On the Ballot Primary
GA,7,Case Norton,No,On the Ballot Primary
GA,7,Jayson Toweh,No,On the Ballot Primary
GA,8,Kelly Esti,No,On the Ballot Primary
GA,8,Justin Lucas,No,On the Ballot Primary
GA,9,Nick Alex,No,On the Ballot Primary
GA,9,Caitlyn Gegen,No,On the Ballot Primary
GA,10,Pamela DeLancy,No,On the Ballot Primary
GA,10,Lexy Doherty,No,On the Ballot Primary
GA,10,John Dority,No,On the Ballot Primary
GA,11,Chris Harden,No,On the Ballot Primary
GA,11,Barry Wolfert,No,On the Ballot Primary
GA,12,Traci George,No,On the Ballot Primary
GA,12,Tracell Peace-Nichols,No,On the Ballot Primary
GA,12,Ceretta Smith,No,On the Ballot Primary
GA,12,Chris Stephens,No,On the Ballot Primary
GA,12,Brianna Woodson,No,On the Ballot Primary
GA,13,Everton Blair Jr.,No,On the Ballot Primary
GA,13,Jasmine Clark,No,On the Ballot Primary
GA,13,Jeffree Fauntleroy Sr.,No,On the Ballot Primary
GA,13,Emanuel Jones,No,On the Ballot Primary
GA,13,Heavenly Kimes,No,On the Ballot Primary
GA,13,Joe Lester,No,On the Ballot Primary
GA,13,David Scott,No,On the Ballot (unofficially withdrew) Primary
GA,14,Shawn Harris,No,On the Ballot Primary
HI,1,Ed Case,Yes,Candidacy Declared Primary
HI,1,Della Au Belatti,No,Candidacy Declared Primary
HI,1,Ben Fatula,No,Candidacy Declared Primary
HI,1,Perry Gregg,No,Candidacy Declared Primary
HI,1,Jarrett Keohokalole,No,Candidacy Declared Primary
HI,2,Jill Tokuda,Yes,Candidacy Declared Primary
ID,1,Ken Brungardt,No,On the Ballot Primary
ID,1,Kaylee Peterson,No,On the Ballot Primary
ID,2,Elinor Gilbreath,No,On the Ballot Primary
ID,2,Julie Wiley,No,On the Ballot (unofficially withdrew) Primary
IL,1,Jonathan Jackson,Yes,Advanced Primary
IL,1,Jerico Brown,No,Lost (Write-in) Primary
IL,2,Donna Miller,No,Advanced Primary
IL,2,Toni Brown,No,Lost Primary
IL,2,Yumeka Brown,No,Lost Primary
IL,2,Eric France,No,Lost Primary
IL,2,"Jesse L. Jackson, Jr.",No,Lost Primary
IL,2,Patrick Keating,No,Lost Primary
IL,2,Sidney Moore,No,Lost Primary
IL,2,Robert Peters,No,Lost Primary
IL,2,Willie Preston,No,Lost Primary
IL,2,Adal Regis,No,Lost Primary
IL,2,Bryan Slepicka,No,Lost (Write-in) Primary
IL,3,Delia Ramirez,Yes,Advanced Primary
IL,4,Patty Garcia,No,Advanced Primary
IL,5,Mike Quigley,Yes,Advanced Primary
IL,5,Matthew Conroy,No,Lost Primary
IL,5,Ellen Corley,No,Lost Primary
IL,5,Anthony Michael Tamez,No,Lost Primary
IL,6,Sean Casten,Yes,Advanced Primary
IL,6,Joey Ruzevich,No,Lost Primary
IL,7,La Shawn Ford,No,Advanced Primary
IL,7,Richard Boykin,No,Lost Primary
IL,7,Kina Collins,No,Lost Primary
IL,7,Melissa Conyears-Ervin,No,Lost Primary
IL,7,Anthony Driver Jr.,No,Lost Primary
IL,7,David Ehrlich,No,Lost Primary
IL,7,Thomas Fisher,No,Lost Primary
IL,7,Jason Friedman,No,Lost Primary
IL,7,Rory Hoskins,No,Lost Primary
IL,7,Anabel Mendoza,No,Lost Primary
IL,7,Jazmin Robinson,No,Lost Primary
IL,7,Reed Showalter,No,Lost Primary
IL,7,Felix Tello,No,Lost Primary
IL,8,Melissa Bean,No,Advanced Primary
IL,8,Junaid Ahmed,No,Lost Primary
IL,8,Yasmeen Bankole,No,Lost Primary
IL,8,Sanjyot Dunung,No,Lost Primary
IL,8,Neil Khot,No,Lost Primary
IL,8,Kevin Morrison,No,Lost Primary
IL,8,Dan Tully,No,Lost Primary
IL,8,Ryan Vetticad,No,Lost Primary
IL,9,Daniel K. Biss,No,Advanced Primary
IL,9,Kat Abughazaleh,No,Lost Primary
IL,9,Bushra Amiwala,No,Lost Primary
IL,9,Phil Andrew,No,Lost Primary
IL,9,Patricia Brown,No,Lost Primary
IL,9,Jeff Cohen,No,Lost Primary
IL,9,Laura Fine,No,Lost Primary
IL,9,Justin Ford,No,Lost Primary
IL,9,Mark Fredrickson,No,Lost Primary
IL,9,Hoan Huynh,No,Lost Primary
IL,9,Bethany Johnson,No,Lost Primary
IL,9,Sam Polan,No,Lost Primary
IL,9,Nick Pyati,No,Lost Primary
IL,9,Howard Rosenblum,No,Lost Primary
IL,9,Mike Simmons,No,Lost Primary
IL,10,Brad Schneider,Yes,Advanced Primary
IL,10,Morgan Coghill,No,Lost Primary
IL,11,Bill Foster,Yes,Advanced Primary
IL,12,Julie Fortier,No,Advanced Primary
IL,13,Nikki Budzinski,Yes,Advanced Primary
IL,13,Dylan Blaha,No,Lost Primary
IL,14,Lauren Underwood,Yes,Advanced Primary
IL,15,Jennifer Todd,No,Advanced Primary
IL,15,Paul Davis,No,Lost Primary
IL,15,Kyle Nudo,No,Lost Primary
IL,15,Randy Raley,No,Lost Primary
IL,16,Paul Nolley,No,Advanced Primary
IL,17,Eric Sorensen,Yes,Advanced Primary
IN,1,Frank Mrvan,Yes,On the Ballot Primary
IN,1,LaVetta Sparks-Wade,No,On the Ballot Primary
IN,2,Jamee Decio,No,On the Ballot Primary
IN,2,Shaun Maeyens,No,On the Ballot Primary
IN,3,Kelly Thompson,No,On the Ballot Primary
IN,4,Drew Cox,No,On the Ballot Primary
IN,4,Roger Day,No,On the Ballot Primary
IN,4,Darin Patrick Griesey,No,On the Ballot Primary
IN,4,Thomas D. Hall Jr.,No,On the Ballot Primary
IN,4,Joe Mackey,No,On the Ballot Primary
IN,4,Jayden McCash,No,On the Ballot Primary
IN,4,Paul McPherson,No,On the Ballot Primary
IN,4,John Whetstone,No,On the Ballot Primary
IN,5,Steven Avit,No,On the Ballot Primary
IN,5,J.D. Ford,No,On the Ballot Primary
IN,5,Jackson Franklin,No,On the Ballot Primary
IN,5,Phil Goss,No,On the Ballot Primary
IN,5,Dylan McKenna,No,On the Ballot Primary
IN,5,Tara Nelson,No,On the Ballot Primary
IN,5,Deborah A. Pickett,No,On the Ballot Primary
IN,6,William Kory Amyx,No,On the Ballot Primary
IN,6,Nicholas Baker,No,On the Ballot Primary
IN,6,David Boyd,No,On the Ballot Primary
IN,6,Cynthia Wirth,No,On the Ballot Primary
IN,7,André Carson,Yes,On the Ballot Primary
IN,7,Denise Paul Hatch,No,On the Ballot Primary
IN,7,George Hornedo,No,On the Ballot Primary
IN,7,Destiny Scott Wells,No,On the Ballot Primary
IN,8,Mary Allen,No,On the Ballot Primary
IN,8,Mario Foradori,No,On the Ballot Primary
IN,8,Christopher Rector,No,On the Ballot Primary
IN,8,Tabitha Zeigler,No,On the Ballot Primary
IN,9,Jim Graham,No,On the Ballot Primary
IN,9,Brad Meyer,No,On the Ballot Primary
IN,9,Timothy Peck,No,On the Ballot Primary
IN,9,Keil Roark,No,On the Ballot Primary
IA,1,Christina Bohannan,No,On the Ballot Primary
IA,1,Travis Terrell,No,On the Ballot Primary
IA,2,Kathryn Dolter,No,On the Ballot Primary
IA,2,Lindsay James,No,On the Ballot Primary
IA,2,Clint Twedt-Ball,No,On the Ballot Primary
IA,3,Sarah Trone Garriott,No,On the Ballot Primary
IA,3,Xavier Carrigan,No,Candidacy Declared (Write-in) Primary
IA,4,Dave Dawson,No,On the Ballot Primary
IA,4,Stephanie Steiner,No,On the Ballot Primary
IA,4,Ashley WolfTornabane,No,On the Ballot Primary
KS,1,Colin McRoberts,No,Candidacy Declared Primary
KS,1,Lauren Reinhold,No,Candidacy Declared Primary
KS,2,Don Coover,No,Candidacy Declared Primary
KS,2,Braeden Curwick,No,Candidacy Declared Primary
KS,3,Sharice Davids,Yes,Candidacy Declared Primary
KS,3,Sarah Preu,No,Candidacy Declared Primary
KS,4,Chris Carmichael,No,Candidacy Declared Primary
KS,4,Cole Epley,No,Candidacy Declared Primary
KS,4,Ryan Gilbert,No,Candidacy Declared Primary
KS,4,Jordan Mitchell,No,Candidacy Declared Primary
KS,4,Katy Tyndell,No,Candidacy Declared Primary
KY,2,William Compton,No,On the Ballot Primary
KY,2,David Hatfield,No,On the Ballot Primary
KY,2,Hank Linderman,No,On the Ballot Primary
KY,2,Megan Wingfield,No,On the Ballot Primary
KY,4,Jesse Brewer,No,On the Ballot Primary
KY,4,Melissa Strange,No,On the Ballot Primary
KY,6,Jimmy Ausbrooks,No,On the Ballot Primary
KY,6,Harvey Carroll Jr.,No,On the Ballot Primary
KY,6,Zach Dembo,No,On the Ballot Primary
KY,6,Corey Edwards,No,On the Ballot Primary
KY,6,David Kloiber,No,On the Ballot Primary
KY,6,Erin Petrey,No,On the Ballot Primary
KY,6,Cherlynn Stevenson,No,On the Ballot Primary
LA,1,Lauren Jewett,No,On the Ballot Primary
LA,1,Jim Long,No,On the Ballot Primary
LA,2,Troy Carter,Yes,On the Ballot Primary
LA,2,Renada Collins,No,On the Ballot Primary
LA,3,John Day,No,On the Ballot Primary
LA,3,Tia LeBrun,No,On the Ballot Primary
LA,3,Caleb Walker,No,On the Ballot Primary
LA,4,Conrad Cable,No,On the Ballot Primary
LA,4,Matthew Gromlich,No,On the Ballot Primary
LA,5,Jessee Carlton Fleenor,No,On the Ballot Primary
LA,5,Larry Foy,No,On the Ballot Primary
LA,5,Lindsay Garcia,No,On the Ballot Primary
LA,5,Dan McKay,No,On the Ballot Primary
LA,5,Tania Nyman,No,On the Ballot Primary
ME,1,Chellie Pingree,Yes,On the Ballot
ME,2,Joe Baldacci,No,On the Ballot
ME,2,Matthew Dunlap,No,On the Ballot
ME,2,Paige Loud,No,On the Ballot
ME,2,Jordan Wood,No,On the Ballot
MD,1,Victor Guidice,No,On the Ballot Primary
MD,1,Dan Schwartz,No,On the Ballot Primary
MD,1,George Walish,No,On the Ballot Primary
MD,1,Randi White,No,On the Ballot Primary
MD,2,John Olszewski Jr.,Yes,On the Ballot Primary
MD,2,Clint Spellman Jr.,No,On the Ballot Primary
MD,3,Sarah Elfreth,Yes,On the Ballot Primary
MD,3,Jennifer Cross,No,On the Ballot Primary
MD,3,Austin Dyches,No,On the Ballot Primary
MD,3,Sean Hammond,No,On the Ballot Primary
MD,3,Robert Morrison,No,On the Ballot Primary
MD,4,Glenn Ivey,Yes,On the Ballot Primary
MD,4,Joseph Gomes,No,On the Ballot Primary
MD,4,Shavonne Hedgepeth,No,On the Ballot Primary
MD,4,Jakeya Johnson,No,On the Ballot Primary
MD,4,Jonathan White,No,On the Ballot Primary
MD,5,Mark Kenneth Arness,No,On the Ballot Primary
MD,5,Rushern Baker III,No,On the Ballot Primary
MD,5,Quincy Bareebe,No,On the Ballot Primary
MD,5,Wala Blegay,No,On the Ballot Primary
MD,5,Adrian Boafo,No,On the Ballot Primary
MD,5,Reuben Collins II,No,On the Ballot Primary
MD,5,Ellis Colvin,No,On the Ballot Primary
MD,5,Harry Dunn,No,On the Ballot Primary
MD,5,Arthur Ellis,No,On the Ballot Primary
MD,5,Elldwnia English,No,On the Ballot Primary
MD,5,Terry Jackson,No,On the Ballot Primary
MD,5,Harry Jarin,No,On the Ballot Primary
MD,5,Walter Kirkland,No,On the Ballot Primary
MD,5,Jerry Lightfoot,No,On the Ballot Primary
MD,5,Heather Luper,No,On the Ballot Primary
MD,5,James Makle Jr.,No,On the Ballot Primary
MD,5,Leigha Messick,No,On the Ballot Primary
MD,5,Keith Salkowski,No,On the Ballot Primary
MD,5,Kenneth Simons,No,On the Ballot Primary
MD,5,Alexis Solis,No,On the Ballot Primary
MD,5,Tracy Starr,No,On the Ballot Primary
MD,5,Dave Sundberg,No,On the Ballot Primary
MD,5,Harold Tolbert,No,On the Ballot Primary
MD,5,Nicole Williams,No,On the Ballot Primary
MD,6,April McClain Delaney,Yes,On the Ballot Primary
MD,6,George Gluck,No,On the Ballot Primary
MD,6,Alexis Goldstein,No,On the Ballot Primary
MD,6,Daniel Krakower,No,On the Ballot Primary
MD,6,David Trone,No,On the Ballot Primary
MD,6,Ethan Wechtaluk,No,On the Ballot Primary
MD,6,Kiambo White,No,On the Ballot Primary
MD,6,Altimont Wilks,No,On the Ballot Primary
MD,7,Kweisi Mfume,Yes,On the Ballot Primary
MD,7,Mark Conway,No,On the Ballot Primary
MD,7,Tashi Davis,No,On the Ballot Primary
MD,7,Theo Gillespie,No,On the Ballot Primary
MD,8,Jamie Raskin,Yes,On the Ballot Primary
MD,8,J.D. Kumar,No,On the Ballot Primary
MD,8,Stephen Leon,No,On the Ballot Primary
MD,8,Boris Velasquez,No,On the Ballot Primary
MA,1,Richard Neal,Yes,Candidacy Declared Primary
MA,1,Anthony Celata,No,Candidacy Declared Primary
MA,1,Nathan Tracy,No,Candidacy Declared Primary
MA,1,Jeromie Whalen,No,Candidacy Declared Primary
MA,2,Jim McGovern,Yes,Candidacy Declared Primary
MA,3,Lori Trahan,Yes,Candidacy Declared Primary
MA,3,Gaige Clark,No,Candidacy Declared Primary
MA,4,Jake Auchincloss,Yes,Candidacy Declared Primary
MA,4,Christopher Boyd,No,Candidacy Declared Primary
MA,4,Steve Chasse,No,Candidacy Declared Primary
MA,4,Ihssane Leckey,No,Candidacy Declared Primary
MA,4,Jason Poulos,No,Candidacy Declared Primary
MA,5,Katherine Clark,Yes,Candidacy Declared Primary
MA,5,Jonathan Paz,No,Candidacy Declared Primary
MA,5,Tarik Samman,No,Candidacy Declared Primary
MA,6,Beth Andres-Beck,No,Candidacy Declared Primary
MA,6,John Beccia,No,Candidacy Declared Primary
MA,6,Rachel Creemers,No,Candidacy Declared Primary
MA,6,Dan Koh,No,Candidacy Declared Primary
MA,6,Mariah Lancaster,No,Candidacy Declared Primary
MA,6,Tram Nguyen,No,Candidacy Declared Primary
MA,6,Jamie Zahlaway Belsito,No,Candidacy Declared Primary
MA,7,Ayanna Pressley,Yes,Candidacy Declared Primary
MA,8,Stephen Lynch,Yes,Candidacy Declared Primary
MA,8,Patrick Roath,No,Candidacy Declared Primary
MA,9,Bill Keating,Yes,Candidacy Declared Primary
MA,9,Craig Swallow,No,Candidacy Declared Primary
MI,1,Callie Barr,No,Candidacy Declared Primary
MI,1,Kyle Blomquist,No,Candidacy Declared Primary
MI,1,Wayne Stiles,No,Candidacy Declared Primary
MI,2,Ben Ambrose,No,Candidacy Declared Primary
MI,2,Andrew Ault,No,Candidacy Declared Primary
MI,2,Jamie Hill,No,Candidacy Declared Primary
MI,2,Clyde Welford,No,Candidacy Declared Primary
MI,3,Hillary Scholten,Yes,Candidacy Declared Primary
MI,4,Richard Aaron,No,Candidacy Declared Primary
MI,4,Diop Harris II,No,Candidacy Declared Primary
MI,4,Sean McCann,No,Candidacy Declared Primary
MI,5,Christian Vukasovich,No,Candidacy Declared Primary
MI,6,Debbie Dingell,Yes,Candidacy Declared Primary
MI,6,Jason Cloutier,No,Candidacy Declared Primary
MI,7,Elyon Badger,No,Candidacy Declared Primary
MI,7,Bridget Brink,No,Candidacy Declared Primary
MI,7,Josh Cowen,No,Candidacy Declared Primary
MI,7,William Lawrence,No,Candidacy Declared Primary
MI,7,Matt Maasdam,No,Candidacy Declared Primary
MI,7,Alexandra Prieditis,No,Candidacy Declared Primary
MI,8,Kristen McDonald Rivet,Yes,Candidacy Declared Primary
MI,9,Wyatt Clark,No,Candidacy Declared Primary
MI,9,Ray Pooley,No,Candidacy Declared Primary
MI,10,Tripp Adams,No,Candidacy Declared Primary
MI,10,Eric Chung,No,Candidacy Declared Primary
MI,10,Tim Greimel,No,Candidacy Declared Primary
MI,10,Christina Hines,No,Candidacy Declared Primary
MI,10,Brian Steven Jaye,No,Candidacy Declared Primary
MI,11,Stu Baker,No,Candidacy Declared Primary
MI,11,Aisha Farooqi,No,Candidacy Declared Primary
MI,11,Jeremy Moss,No,Candidacy Declared Primary
MI,11,Michelle Murphy,No,Candidacy Declared Primary
MI,11,John Paul Torres,No,Candidacy Declared Primary
MI,11,Don Ufford,No,Candidacy Declared Primary
MI,12,Rashida Tlaib,Yes,Candidacy Declared Primary
MI,12,Allen Downer,No,Candidacy Declared Primary
MI,12,Shanelle Jackson,No,Candidacy Declared Primary
MI,12,Byron Nolen,No,Candidacy Declared Primary
MI,13,Shri Thanedar,Yes,Candidacy Declared Primary
MI,13,Shelby Campbell,No,Candidacy Declared Primary
MI,13,Anthony Carbonaro,No,Candidacy Declared Primary
MI,13,John Goci,No,Candidacy Declared Primary
MI,13,Naz Hassan,No,Candidacy Declared Primary
MI,13,Donavan McKinney,No,Candidacy Declared Primary
MI,13,Mary Waters,No,Candidacy Declared Primary
MN,1,Jake Johnson,No,Candidacy Declared Primary
MN,2,Abdisallam Abdulle,No,Candidacy Declared Primary
MN,2,Kaela Berg,No,Candidacy Declared Primary
MN,2,Matt Klein,No,Candidacy Declared Primary
MN,2,Matt Little,No,Candidacy Declared Primary
MN,2,Hugh McTavish,No,Candidacy Declared Primary
MN,3,Kelly Morrison,Yes,Candidacy Declared Primary
MN,4,Betty McCollum,Yes,Candidacy Declared Primary
MN,4,Aswar Rahman,No,Candidacy Declared Primary
MN,5,Ilhan Omar,Yes,Candidacy Declared Primary
MN,5,Julie Le,No,Candidacy Declared Primary
MN,5,Latonya Reeves,No,Candidacy Declared Primary
MN,6,Anson Amberson,No,Candidacy Declared Primary
MN,6,Doug Chapin,No,Candidacy Declared Primary
MN,6,Jeremy Wicklund,No,Candidacy Declared Primary
MN,7,Jared Adams,No,Candidacy Declared Primary
MN,7,Heather Keeler,No,Candidacy Declared Primary
MN,7,Erik Osberg,No,Candidacy Declared Primary
MN,8,Emanuel Anastos,No,Candidacy Declared Primary
MN,8,Luke Gulbranson,No,Candidacy Declared Primary
MN,8,John-Paul McBride,No,Candidacy Declared Primary
MN,8,Wendell Smith,No,Candidacy Declared Primary
MN,8,Trina Swanson,No,Candidacy Declared Primary
MS,1,Cliff Johnson,No,Advanced Primary
MS,1,Kelvin Buck,No,Lost Primary
MS,2,Bennie Thompson,Yes,Advanced Primary
MS,2,Evan Turnage,No,Lost Primary
MS,2,Pertis Williams III,No,Lost Primary
MS,3,Michael Chiaradio,No,Advanced Primary
MS,4,Jeffrey Hulum III,No,Advanced Primary
MS,4,Paul Blackman,No,Lost Primary
MS,4,D. Ryan Grover,No,Lost Primary
MO,1,Wesley Bell,Yes,Candidacy Declared Primary
MO,1,Cori Bush,No,Candidacy Declared Primary
MO,1,Carl Harris Sr.,No,Candidacy Declared Primary
MO,1,Carl Henderson,No,Candidacy Declared Primary
MO,1,Alissa Murphy,No,Candidacy Declared Primary
MO,2,Timothy Bilash,No,Candidacy Declared Primary
MO,2,Chuck Summers,No,Candidacy Declared Primary
MO,2,Nick Vivio,No,Candidacy Declared Primary
MO,2,Joan VonDras,No,Candidacy Declared Primary
MO,2,Frederick Wellman,No,Candidacy Declared Primary
MO,3,Tommy Holstein,No,Candidacy Declared Primary
MO,3,Bethany Mann,No,Candidacy Declared Primary
MO,3,Alexander Thurmon,No,Candidacy Declared Primary
MO,3,Paul Wilson,No,Candidacy Declared Primary
MO,4,Jeanette Cass,No,Candidacy Declared Primary
MO,4,Hartzell Gray,No,Candidacy Declared Primary
MO,4,Jordan Herrera,No,Candidacy Declared Primary
MO,4,Randy Miller,No,Candidacy Declared Primary
MO,4,Danny Province,No,Candidacy Declared Primary
MO,4,G. Rick,No,Candidacy Declared Primary
MO,4,Ashleigh Rogers,No,Candidacy Declared Primary
MO,4,Wayne Russell,No,Candidacy Declared Primary
MO,5,Emanuel Cleaver,Yes,Candidacy Declared Primary
MO,6,Matthew Levine,No,Candidacy Declared Primary
MO,6,Scot Pondelick,No,Candidacy Declared Primary
MO,6,Josh Smead,No,Candidacy Declared Primary
MO,7,Missi Hesketh,No,Candidacy Declared Primary
MO,8,Frank Barnitz,No,Candidacy Declared Primary
MO,8,Gerald Cass,No,Candidacy Declared Primary
MO,8,Clayton Harbison,No,Candidacy Declared Primary
MO,8,Christopher Reichard,No,Candidacy Declared Primary
MT,1,Ryan Busse,No,On the Ballot Primary
MT,1,Russell Cleveland,No,On the Ballot Primary
MT,1,Samuel Forstag,No,On the Ballot Primary
MT,1,Matt Rains,No,On the Ballot Primary
MT,2,Sam Lux,No,On the Ballot Primary
MT,2,Brian Miller,No,On the Ballot Primary
MT,2,Jonathan Windy Boy,No,On the Ballot (unofficially withdrew) Primary
NE,1,Christopher Backemeyer,No,On the Ballot Primary
NE,1,Eric Moyer,No,On the Ballot Primary
NE,2,Evangelos Argyrakis,No,On the Ballot Primary
NE,2,Kishla Askins,No,On the Ballot Primary
NE,2,John Cavanaugh,No,On the Ballot Primary
NE,2,James Leuschen,No,On the Ballot (unofficially withdrew) Primary
NE,2,Denise Powell,No,On the Ballot Primary
NE,2,Crystal Rhoades,No,On the Ballot Primary
NE,2,Melanie Williams,No,On the Ballot Primary
NE,3,Becky Lynn Stille,No,On the Ballot Primary
NV,1,Dina Titus,Yes,On the Ballot Primary
NV,1,Gabriel Cornejo,No,On the Ballot Primary
NV,1,Joy Hoover,No,On the Ballot Primary
NV,1,Luis Paniagua,No,On the Ballot Primary
NV,2,Teresa Benitez-Thompson,No,On the Ballot Primary
NV,2,Kathy Durham,No,On the Ballot Primary
NV,2,Matthew Fonken,No,On the Ballot Primary
NV,2,Gerold Lee Gorman,No,On the Ballot Primary
NV,2,Joshua Hebert,No,On the Ballot Primary
NV,2,Mark Jolle,No,On the Ballot Primary
NV,2,John Kerns,No,On the Ballot Primary
NV,2,Greg Kidd,No,On the Ballot Primary
NV,2,Morgan Wadsworth,No,On the Ballot Primary
NV,2,Samuel White,No,On the Ballot Primary
NV,2,Gamaliel Zavala Enriquez,No,On the Ballot Primary
NV,3,Susie Lee,Yes,On the Ballot Primary
NV,3,James Lally,No,On the Ballot Primary
NV,3,Terrill Robinson,No,On the Ballot Primary
NV,3,Brandon West,No,On the Ballot Primary
NH,1,Carleigh Beriont,No,Candidacy Declared Primary
NH,1,Sarah E. Chadzynski,No,Candidacy Declared Primary
NH,1,Bill Conlin,No,Candidacy Declared Primary
NH,1,Heath Howard,No,Candidacy Declared Primary
NH,1,Stefany Shaheen,No,Candidacy Declared Primary
NH,1,Maura Sullivan,No,Candidacy Declared Primary
NH,1,Christian Urrutia,No,Candidacy Declared Primary
NH,2,Maggie Goodlander,Yes,Candidacy Declared Primary
NH,2,Paige Beauchemin,No,Candidacy Declared Primary
NH,2,Dean Pennington,No,Candidacy Declared Primary
NH,2,Chris Tardif,No,Candidacy Declared Primary
NJ,1,Donald Norcross,Yes,On the Ballot Primary
NJ,2,Tim Alexander,No,On the Ballot Primary
NJ,2,Zack Mullock,No,On the Ballot Primary
NJ,2,Terri Reese,No,On the Ballot Primary
NJ,2,Bayly Winder,No,On the Ballot Primary
NJ,3,Herbert C. Conaway Jr.,Yes,On the Ballot Primary
NJ,4,John Blake,No,On the Ballot Primary
NJ,4,Rachel Peace,No,On the Ballot Primary
NJ,5,Josh Gottheimer,Yes,On the Ballot Primary
NJ,6,Frank Pallone Jr.,Yes,On the Ballot Primary
NJ,6,Katie Bansil,No,On the Ballot Primary
NJ,6,John Hsu,No,On the Ballot Primary
NJ,7,Rebecca Bennett,No,On the Ballot Primary
NJ,7,Michael Roth,No,On the Ballot Primary
NJ,7,Tina Shah,No,On the Ballot Primary
NJ,7,Brian Varela,No,On the Ballot Primary
NJ,8,Robert Menendez Jr.,Yes,On the Ballot Primary
NJ,8,Mussab Ali,No,On the Ballot Primary
NJ,9,Nellie Pou,Yes,On the Ballot Primary
NJ,10,LaMonica McIver,Yes,On the Ballot Primary
NJ,10,Lawrence Poster,No,On the Ballot Primary
NJ,11,Analilia Mejia,No,Advanced Primary
NJ,11,John Bartlett,No,Lost Primary
NJ,11,Zach Beecher,No,Lost Primary
NJ,11,J-L Cauvin,No,Lost Primary
NJ,11,Marc Chaaban,No,Lost (unofficially withdrew) Primary
NJ,11,Cammie Croft,No,Lost Primary
NJ,11,Dean Dafis,No,Lost (unofficially withdrew) Primary
NJ,11,Brendan Gill,No,Lost Primary
NJ,11,Jeffrey Grayzel,No,Lost Primary
NJ,11,Tom Malinowski,No,Lost Primary
NJ,11,Justin Strickland,No,Lost Primary
NJ,11,Tahesha Way,No,Lost Primary
NJ,11,Anna Lee Williams,No,Lost Primary
NJ,11,Analilia Mejia,Yes,On the Ballot Primary
NJ,11,Donald Cresitello,No,On the Ballot Primary
NJ,11,Joseph Lewis,No,On the Ballot Primary
NJ,11,Justin Strickland,No,On the Ballot Primary
NJ,12,Matt Adams,No,On the Ballot Primary
NJ,12,Susan Altman,No,On the Ballot Primary
NJ,12,Brad Cohen,No,On the Ballot Primary
NJ,12,Elijah Dixon,No,On the Ballot Primary
NJ,12,Adam Hamawy,No,On the Ballot Primary
NJ,12,Kyle Little,No,On the Ballot Primary
NJ,12,Adrian Mapp,No,On the Ballot Primary
NJ,12,Verlina Reynolds-Jackson,No,On the Ballot Primary
NJ,12,Shanel Robinson,No,On the Ballot Primary
NJ,12,Squire Servance,No,On the Ballot Primary
NJ,12,Sujit Singh,No,On the Ballot Primary
NJ,12,Jay Vaingankar,No,On the Ballot Primary
NJ,12,Samuel Wang,No,On the Ballot Primary
NM,1,Melanie Ann Stansbury,Yes,On the Ballot Primary
NM,2,Gabriel Vasquez,Yes,On the Ballot Primary
NM,3,Teresa Leger Fernandez,Yes,On the Ballot Primary
NY,1,Christopher Gallant,No,Candidacy Declared Primary
NY,1,Jonathan Jacobs,No,Candidacy Declared Primary
NY,1,Luca Nascimbene,No,Candidacy Declared Primary
NY,1,Jonathan Schneider,No,Candidacy Declared Primary
NY,1,Lukas Ventouras,No,Candidacy Declared Primary
NY,2,Patrick Halpin,No,Candidacy Declared Primary
NY,2,Jess Murphy,No,Candidacy Declared Primary
NY,2,Garrett Petersen,No,Candidacy Declared Primary
NY,3,Tom Suozzi,Yes,Candidacy Declared Primary
NY,3,Danielle Welch,No,Candidacy Declared Primary
NY,4,Laura Gillen,Yes,Candidacy Declared Primary
NY,4,Kiana Bierria-Anderson,No,Candidacy Declared Primary
NY,4,Taylor Darling,No,Candidacy Declared Primary
NY,4,Gian Jones,No,Candidacy Declared Primary
NY,4,Frank Lozada,No,Candidacy Declared Primary
NY,4,Nicholas Sciretta,No,Candidacy Declared Primary
NY,5,Gregory W. Meeks,Yes,Candidacy Declared Primary
NY,5,Salvatore Padellaro,No,Candidacy Declared Primary
NY,6,Grace Meng,Yes,Candidacy Declared Primary
NY,6,Charles Park,No,Candidacy Declared Primary
NY,6,Yan Xiong,No,Candidacy Declared Primary
NY,7,Alexander Campagna,No,Candidacy Declared Primary
NY,7,Evan Hutchison,No,Candidacy Declared Primary
NY,7,Vichal Kumar,No,Candidacy Declared Primary
NY,7,Sydney Martinez,No,Candidacy Declared Primary
NY,7,Dane-Brandon Noble,No,Candidacy Declared Primary
NY,7,Edwin Osorio,No,Candidacy Declared Primary
NY,7,Paperboy Prince,No,Candidacy Declared Primary
NY,7,Antonio Reynoso,No,Candidacy Declared Primary
NY,7,Miles Shore,No,Candidacy Declared Primary
NY,7,Claire Valdez,No,Candidacy Declared Primary
NY,7,Julie Won,No,Candidacy Declared Primary
NY,8,Hakeem Jeffries,Yes,Candidacy Declared Primary
NY,8,Vance Bostic,No,Candidacy Declared Primary
NY,9,Yvette D. Clarke,Yes,Candidacy Declared Primary
NY,9,Joshua Bristol,No,Candidacy Declared Primary
NY,9,Michael Goldfarb,No,Candidacy Declared Primary
NY,9,Joshua Kaitan Lucas,No,Candidacy Declared Primary
NY,10,Daniel Goldman,Yes,Candidacy Declared Primary
NY,10,Nickie Kane,No,Candidacy Declared Primary
NY,10,Brad Lander,No,Candidacy Declared Primary
NY,11,Michael DeCillis,No,Candidacy Declared Primary
NY,11,Troy McGhie,No,Candidacy Declared Primary
NY,11,Umar Usman,No,Candidacy Declared Primary
NY,11,Allison Ziogas,No,Candidacy Declared Primary
NY,12,Micah Bergdale,No,Candidacy Declared Primary
NY,12,Alex Bores,No,Candidacy Declared Primary
NY,12,George Conway,No,Candidacy Declared Primary
NY,12,Christopher Diep,No,Candidacy Declared Primary
NY,12,Laura Dunn,No,Candidacy Declared Primary
NY,12,Micah Lasher,No,Candidacy Declared Primary
NY,12,Jack Schlossberg,No,Candidacy Declared Primary
NY,12,Nina Schwalbe,No,Candidacy Declared Primary
NY,12,Mathew Shurka,No,Candidacy Declared Primary
NY,12,Patrick Timmins,No,Candidacy Declared Primary
NY,13,Adriano Espaillat,Yes,Candidacy Declared Primary
NY,13,Jaliel Amador,No,Candidacy Declared Primary
NY,13,Darializa Avila Chevalier,No,Candidacy Declared Primary
NY,13,Theo Chino-Tavarez,No,Candidacy Declared Primary
NY,13,Michael Hano,No,Candidacy Declared Primary
NY,13,James Felton Keith,No,Candidacy Declared Primary
NY,13,Matt Miller,No,Candidacy Declared Primary
NY,13,Candace Niles,No,Candidacy Declared Primary
NY,13,Megan Rodriguez,No,Candidacy Declared Primary
NY,13,Oscar Romero,No,Candidacy Declared Primary
NY,14,Alexandria Ocasio-Cortez,Yes,Candidacy Declared Primary
NY,14,Marty Dolan,No,Candidacy Declared Primary
NY,14,Felipe Garcia,No,Candidacy Declared Primary
NY,15,Ritchie Torres,Yes,Candidacy Declared Primary
NY,15,Michael Blake,No,Candidacy Declared Primary
NY,15,John Maynard Harris,No,Candidacy Declared Primary
NY,15,Jon LaTona,No,Candidacy Declared Primary
NY,15,Dalourny Nemorin,No,Candidacy Declared Primary
NY,15,Amanda Septimo,No,Candidacy Declared Primary
NY,16,George Latimer,Yes,Candidacy Declared Primary
NY,17,John Cappello,No,Candidacy Declared Primary
NY,17,Cait Conley,No,Candidacy Declared Primary
NY,17,Beth Davidson,No,Candidacy Declared Primary
NY,17,Effie Phillips-Staley,No,Candidacy Declared Primary
NY,17,Jessica Reinmann,No,Candidacy Declared Primary
NY,17,Mike Sacks,No,Candidacy Declared Primary
NY,18,Pat Ryan,Yes,Candidacy Declared Primary
NY,19,Josh Riley,Yes,Candidacy Declared Primary
NY,20,Paul Tonko,Yes,Candidacy Declared Primary
NY,21,Stuart Amoriell,No,Candidacy Declared Primary
NY,21,Paula Collins,No,Candidacy Declared Primary
NY,21,Blake Gendebien,No,Candidacy Declared Primary
NY,21,Maylon Haller,No,Candidacy Declared Primary
NY,21,Andrew Henson,No,Candidacy Declared Primary
NY,22,John Mannion,Yes,Candidacy Declared Primary
NY,23,Stephen Collins,No,Candidacy Declared Primary
NY,23,Aaron Gies,No,Candidacy Declared Primary
NY,23,Jeff Rayner,No,Candidacy Declared Primary
NY,23,Kevin Stocker,No,Candidacy Declared Primary
NY,24,Alissa Ellman,No,Candidacy Declared Primary
NY,24,Steven Holden,No,Candidacy Declared Primary
NY,24,Diana Kastenbaum,No,Candidacy Declared Primary
NY,25,Joseph Morelle,Yes,Candidacy Declared Primary
NY,25,Cassandra Lin Leach,No,Candidacy Declared Primary
NY,25,Sherita Traywick,No,Candidacy Declared Primary
NY,25,Robin Wilt,No,Candidacy Declared Primary
NY,26,Timothy M. Kennedy,Yes,Candidacy Declared Primary
NC,3,Raymond Smith Jr.,No,Advanced Primary
NC,3,Allison Jaslow,No,Lost Primary
NC,4,Valerie Foushee,Yes,Advanced Primary
NC,4,Nida Allam,No,Lost Primary
NC,4,Mary Patterson,No,Lost Primary
NC,5,Chuck Hubbard,No,Advanced Primary
NC,5,Kyah Creekmore,No,Lost Primary
NC,6,Cyril Jefferson,No,Advanced Primary
NC,6,Beau Blair,No,Lost Primary
NC,6,Keith Davenport,No,Lost Primary
NC,6,Alysa Kassay,No,Lost Primary
NC,8,Colby Watson,No,Advanced Primary
NC,8,Kevin Clark,No,Lost Primary
NC,8,Jesse Oppenheim,No,Lost Primary
NC,9,Richard Ojeda,No,Advanced Primary
NC,9,Loren Bibler,No,Lost Primary
NC,9,Nigel Bristow,No,Lost Primary
NC,9,Lent Carr II,No,Lost Primary
NC,10,Ashley Bell,No,Advanced Primary
NC,10,West Caudle,No,Lost Primary
NC,10,Harry Morley,No,Lost Primary
NC,10,Marcus D. Pearson,No,Lost Primary
NC,10,Ralph Scott Jr.,No,Lost Primary
NC,10,Mir Yarfitz,No,Lost Primary
NC,11,Jamie Ager,No,Advanced Primary
NC,11,Zelda Briarwood,No,Lost Primary
NC,11,Richard Hudspeth,No,Lost Primary
NC,11,Paul Maddox,No,Lost Primary
NC,11,Lee Whipple,No,Lost Primary
NC,12,Alma Adams,Yes,Advanced Primary
NC,12,Monaca Maye Williamson,No,Lost Primary
NC,13,Paul Barringer,No,Advanced Primary
NC,13,Alexander Nicholi,No,Lost Primary
NC,13,Frank Pierce,No,Lost Primary
NC,14,Lakesha Womack,No,Advanced Primary
NC,14,Brent Caldwell,No,Lost Primary
NC,14,Ahmid Kargbo,No,Lost Primary
ND,1,Trygve Hammer,No,On the Ballot Primary
OH,1,Greg Landsman,Yes,On the Ballot Primary
OH,1,Damon Lynch,No,On the Ballot Primary
OH,2,Jen Mazzuckelli,No,On the Ballot Primary
OH,2,Todd Wilson,No,On the Ballot Primary
OH,3,Joyce Beatty,Yes,On the Ballot Primary
OH,3,Joe Gerard,No,On the Ballot Primary
OH,4,Joshua Kolasinski,No,On the Ballot Primary
OH,5,Daniel Burket,No,On the Ballot Primary
OH,5,Martin Heberling III,No,On the Ballot Primary
OH,5,Brian Shaver,No,On the Ballot Primary
OH,5,Scott Tabor,No,On the Ballot Primary
OH,6,Sean Connolly,No,On the Ballot Primary
OH,6,Charles DiPalma,No,On the Ballot Primary
OH,6,Brent Hanni,No,On the Ballot Primary
OH,6,Elizabeth Kirtley,No,On the Ballot Primary
OH,6,Christopher Lafont,No,On the Ballot (Write-in) Primary
OH,6,Malcolm Ritchie,No,On the Ballot Primary
OH,6,Adrian Vitus,No,On the Ballot Primary
OH,7,John Butchko,No,On the Ballot Primary
OH,7,Ann Marie Donegan,No,On the Ballot Primary
OH,7,Michael Eisner,No,On the Ballot Primary
OH,7,Ed FitzGerald,No,On the Ballot Primary
OH,7,Keith Mundy,No,On the Ballot Primary
OH,7,Brian Poindexter,No,On the Ballot Primary
OH,7,Laura Rodriguez-Carbone,No,On the Ballot Primary
OH,7,Scott Schulz,No,On the Ballot Primary
OH,8,Vanessa Enoch,No,On the Ballot Primary
OH,8,Madaris Grant,No,On the Ballot Primary
OH,9,Marcy Kaptur,Yes,On the Ballot Primary
OH,10,Janice Beckett,No,On the Ballot Primary
OH,10,David Esrati,No,On the Ballot Primary
OH,10,Manuel Foggie,No,On the Ballot Primary
OH,10,Jan Kinner,No,On the Ballot Primary
OH,10,Kristina Knickerbocker,No,On the Ballot Primary
OH,10,Tony Pombo,No,On the Ballot Primary
OH,11,Shontel Brown,Yes,On the Ballot Primary
OH,11,Sean Freeman,No,On the Ballot Primary
OH,11,Ardelia Holmes,No,On the Ballot Primary
OH,12,Jerrad Christian,No,On the Ballot Primary
OH,12,Daniel Crawford,No,On the Ballot Primary
OH,12,Jason Reynard,No,On the Ballot Primary
OH,13,Emilia Sykes,Yes,On the Ballot Primary
OH,14,Maria Jukic,No,On the Ballot Primary
OH,14,Bill O'Neill,No,On the Ballot Primary
OH,14,Carl Setzer,No,On the Ballot Primary
OH,15,Don Leonard,No,On the Ballot Primary
OH,15,Adam Miller,No,On the Ballot Primary
OK,2,Erik Terwey,No,On the Ballot Primary
OK,2,Brandon Wade,No,On the Ballot Primary
OK,3,Suzie Byrd,No,On the Ballot Primary
OK,3,Jules Roberson,No,On the Ballot Primary
OK,4,Mitchell Jacob,No,On the Ballot Primary
OK,4,Jeff Pixley,No,On the Ballot Primary
OK,5,Trey Martin,No,On the Ballot Primary
OK,5,Jena Nelson,No,On the Ballot Primary
OR,1,Suzanne Bonamici,Yes,On the Ballot Primary
OR,1,Jamil Ahmad,No,On the Ballot Primary
OR,2,Chris Beck,No,On the Ballot Primary
OR,2,Mary Doyle,No,On the Ballot Primary
OR,2,Rebecca Mueller,No,On the Ballot Primary
OR,2,Peter Quince,No,On the Ballot Primary
OR,2,Dawn Rasmussen,No,On the Ballot Primary
OR,2,Patty Snow,No,On the Ballot Primary
OR,3,Maxine Dexter,Yes,On the Ballot Primary
OR,3,Andrew Castilleja,No,On the Ballot Primary
OR,3,Jessica Salas,No,On the Ballot Primary
OR,4,Val Hoyle,Yes,On the Ballot Primary
OR,4,Dan Bahlen,No,On the Ballot Primary
OR,4,Melissa Bird,No,On the Ballot Primary
OR,5,Janelle Bynum,Yes,On the Ballot Primary
OR,5,Zeva Rosenbaum,No,On the Ballot Primary
OR,6,Andrea Salinas,Yes,On the Ballot Primary
PA,1,Bob Harvie,No,On the Ballot Primary
PA,1,Lucia Simonelli,No,On the Ballot Primary
PA,2,Brendan Boyle,Yes,On the Ballot Primary
PA,3,Shaun Griffith,No,On the Ballot Primary
PA,3,Christopher Rabb,No,On the Ballot Primary
PA,3,Ala Stanford,No,On the Ballot Primary
PA,3,Sharif Street,No,On the Ballot Primary
PA,4,Madeleine Dean,Yes,On the Ballot Primary
PA,5,Mary Gay Scanlon,Yes,On the Ballot Primary
PA,6,Chrissy Houlahan,Yes,On the Ballot Primary
PA,7,Bob Brooks,No,On the Ballot Primary
PA,7,Ryan Crosswell,No,On the Ballot Primary
PA,7,Lamont McClure,No,On the Ballot Primary
PA,7,Carol Obando-Derstine,No,On the Ballot Primary
PA,8,Paige Cognetti,No,On the Ballot Primary
PA,9,Rachel Wallace,No,On the Ballot Primary
PA,10,Justin Douglas,No,On the Ballot Primary
PA,10,Janelle Stelson,No,On the Ballot Primary
PA,11,Nancy Mannion,No,On the Ballot Primary
PA,12,Summer Lee,Yes,On the Ballot Primary
PA,12,William Parker,No,On the Ballot Primary
PA,13,Beth Farnham,No,On the Ballot Primary
PA,14,Alan Bradstock,No,On the Ballot Primary
PA,15,Ray Bilger,No,On the Ballot Primary
PA,16,Justin Wagner,No,On the Ballot Primary
PA,17,Chris Deluzio,Yes,On the Ballot Primary
RI,2,Seth Magaziner,Yes,Candidacy Declared Primary
SC,1,Robert Beers,No,Candidacy Declared Primary
SC,1,Francina Dantzler,No,Candidacy Declared Primary
SC,1,Mac Deford,No,Candidacy Declared Primary
SC,1,Max Diaz,No,Candidacy Declared Primary
SC,1,Ben Frasier,No,Candidacy Declared Primary
SC,1,Matthew Fulmer,No,Candidacy Declared Primary
SC,1,Nancy Lacore,No,Candidacy Declared Primary
SC,1,Mayra Rivera-Vazquez,No,Candidacy Declared Primary
SC,2,Zyon Khalifa,No,Candidacy Declared Primary
SC,2,Roger Pruitt,No,Candidacy Declared Primary
SC,2,David Robinson II,No,Candidacy Declared Primary
SC,2,Daniel Shrief,No,Candidacy Declared Primary
SC,3,Eunice Lehmacher,No,Candidacy Declared Primary
SC,3,Ernest Mackins,No,Candidacy Declared Primary
SC,4,Courtney McClain,No,Candidacy Declared Primary
SC,5,Andrew Clough,No,Candidacy Declared Primary
SC,5,Mallory Dittmer,No,Candidacy Declared Primary
SC,5,Alex Harper,No,Candidacy Declared Primary
SC,6,James Clyburn,Yes,Candidacy Declared Primary
SC,6,Frederick Goodwin,No,Candidacy Declared Primary
SC,7,John Vincent,No,Candidacy Declared Primary
SD,1,Nicole Gronli,No,Candidacy Declared Primary
SD,1,Billy Mawhiney,No,Candidacy Declared Primary
SD,1,Scott Schlagel,No,Candidacy Declared Primary
TN,1,Kristi Burke,No,On the Ballot Primary
TN,1,Herman Garcia,No,On the Ballot Primary
TN,1,David Kerr Jr.,No,On the Ballot Primary
TN,2,Michaela Barnett,No,On the Ballot Primary
TN,3,Anna Golladay,No,On the Ballot Primary
TN,4,Victoria Broderick,No,On the Ballot Primary
TN,5,Mike Cortese,No,On the Ballot Primary
TN,5,Chaz Molder,No,On the Ballot Primary
TN,5,Joyce Neal,No,On the Ballot Primary
TN,5,Jim Torino,No,On the Ballot Primary
TN,6,Lore Bergman,No,On the Ballot Primary
TN,6,Mike Croley,No,On the Ballot Primary
TN,6,Chaney Mosley,No,On the Ballot Primary
TN,7,Joshua Sales,No,On the Ballot Primary
TN,8,Dewey Bryan,No,On the Ballot Primary
TN,8,Leonard Perkins,No,On the Ballot Primary
TN,9,Steve Cohen,Yes,On the Ballot Primary
TN,9,M. LaTroy A-Williams,No,On the Ballot Primary
TN,9,DeVante Hill,No,On the Ballot Primary
TN,9,Justin Pearson,No,On the Ballot Primary
TX,1,Dax Alexander,No,On the Ballot Primary Runoff
TX,1,Yolanda Prince,No,On the Ballot Primary Runoff
TX,1,Tracy Andrus,No,Lost Primary
TX,1,Masika Akilah Ray,No,Lost Primary
TX,2,Shaun Finnie,No,Advanced Primary
TX,3,Evan Hunt,No,Advanced Primary
TX,4,Jason Pearce,No,Advanced Primary
TX,4,Andrew Rubell,No,Lost Primary
TX,5,Chelsey Hockett,No,On the Ballot Primary Runoff
TX,5,Ruth Torres,No,On the Ballot Primary Runoff
TX,5,Forrest Lumpkin,No,Lost Primary
TX,6,Danny Minton,No,Advanced Primary
TX,7,Lizzie Pannill Fletcher,Yes,Advanced Primary
TX,8,Laura Jones,No,Advanced Primary
TX,8,Keith Coleman,No,Lost Primary
TX,9,Leticia Gutierrez,No,Advanced Primary
TX,9,Earnest Clayton,No,Lost Primary
TX,9,Peter Filler,No,Lost Primary
TX,9,Todd Ivey,No,Lost Primary
TX,9,Marty Rocha,No,Lost Primary
TX,9,Terry Virts,No,Lost Primary
TX,10,Caitlin Rourk,No,Advanced Primary
TX,10,Dawn Marshall,No,Lost Primary
TX,10,Bernie Reyna,No,Lost Primary
TX,11,Claire Reynolds,No,Advanced Primary
TX,11,Pedro Ruiz,No,Lost Primary
TX,12,Heli Rodriguez Prilliman,No,Advanced Primary
TX,12,Kenneth Morgan-Aguilera,No,Lost Primary
TX,13,Mark Nair,No,Advanced Primary
TX,14,Thurman Bill Bartie,No,On the Ballot Primary Runoff
TX,14,Richard Davis,No,On the Ballot Primary Runoff
TX,14,Konstantinos Vogiatzis,No,Lost Primary
TX,15,Bobby Pulido,No,Advanced Primary
TX,15,Ada Cuellar,No,Lost Primary
TX,16,Veronica Escobar,Yes,Advanced Primary
TX,17,Jamilah Flores,No,On the Ballot Primary Runoff
TX,17,Casey Shepard,No,On the Ballot Primary Runoff
TX,17,J. Gordon Mitchell,No,Lost Primary
TX,18,Al Green,Yes,On the Ballot Primary Runoff
TX,18,Christian Menefee,Yes,On the Ballot Primary Runoff
TX,18,Gretchen Brown,No,Lost Primary
TX,18,Amanda Edwards,No,Lost (unofficially withdrew) Primary
TX,19,Kyle Rable,No,Advanced Primary
TX,20,Joaquin Castro,Yes,Advanced Primary
TX,20,John Atwood,No,Lost Primary
TX,20,Kendra Wilkerson,No,Lost Primary
TX,21,Kristin Hook,No,Advanced Primary
TX,21,Gary Taylor,No,Lost Primary
TX,21,Regina Vanburg,No,Lost Primary
TX,22,Marquette Greene-Scott,No,Advanced Primary
TX,22,Chris Fernandez,No,Lost Primary
TX,22,Sterling Gadison,No,Lost Primary
TX,22,Robert Thomas,No,Lost Primary
TX,22,Pearl Vuorinen,No,Lost Primary
TX,23,Katy Padilla Stout,No,Advanced Primary
TX,23,Gretel Marysdatter Enck,No,Lost Primary
TX,23,Santos Limon,No,Lost Primary
TX,23,Bruce Richardson,No,Lost Primary
TX,24,Kevin Burge,No,On the Ballot Primary Runoff
TX,24,TJ Ware,No,On the Ballot Primary Runoff
TX,24,Jon Buchwald,No,Lost Primary
TX,25,Dione Sims,No,Advanced Primary
TX,25,William Marks,No,Lost Primary
TX,26,Steven Shook,No,Advanced Primary
TX,26,Ernest Lineberger III,No,Lost Primary
TX,27,Tanya Lloyd,No,Advanced Primary
TX,27,Eustaquio Castro-Mendoza,No,Lost Primary
TX,27,Wayne Raasch,No,Lost Primary
TX,28,Henry Cuellar,Yes,Advanced Primary
TX,28,Andrew Vantine,No,Lost Primary
TX,28,Ricardo Villarreal,No,Lost Primary
TX,29,Sylvia Garcia,Yes,Advanced Primary
TX,29,Jarvis Johnson,No,Lost Primary
TX,29,Robert Slater,No,Lost Primary
TX,30,Frederick Haynes,No,Advanced Primary
TX,30,Barbara Mallory Caraway,No,Lost Primary
TX,30,Rodney LaBruce,No,Lost Primary
TX,31,Justin Early,No,Advanced Primary
TX,31,Stuart Whitlow,No,Lost Primary
TX,32,Dan Barrios,No,Advanced Primary
TX,32,Anthony Bridges,No,Lost Primary
TX,33,Julie Johnson,Yes,On the Ballot Primary Runoff
TX,33,Colin Allred,No,On the Ballot Primary Runoff
TX,33,Zeeshan Hafeez,No,Lost Primary
TX,33,Carlos Quintanilla,No,Lost Primary
TX,34,Vicente Gonzalez Jr.,Yes,Advanced Primary
TX,34,Etienne Rosas,No,Lost Primary
TX,35,Maureen Galindo,No,On the Ballot Primary Runoff
TX,35,Johnny Garcia,No,On the Ballot Primary Runoff
TX,35,John Lira,No,Lost Primary
TX,35,Whitney Masterson-Moyes,No,Lost Primary
TX,36,Rhonda Hart,No,Advanced Primary
TX,36,Doug Rogers,No,Lost Primary
TX,37,Greg Casar,Yes,Advanced Primary
TX,37,Esther Fleharty,No,Lost Primary
TX,38,Melissa McDonough,No,Advanced Primary
TX,38,Theresa Courts,No,Lost Primary
TX,38,Marvalette Hunter,No,Lost Primary
UT,1,Nate Blouin,No,On the Ballot Primary
UT,1,Ben McAdams,No,On the Ballot Primary
UT,1,Michael Farrell,No,Candidacy Declared Primary
UT,1,Kye Hinckley,No,Candidacy Declared Primary
UT,1,Derek Kitchen,No,Candidacy Declared Primary
UT,1,Eva Lopez Chavez,No,Candidacy Declared Primary
UT,1,Liban Mohamed,No,Candidacy Declared Primary
UT,1,Kathleen Riebe,No,Candidacy Declared Primary
UT,1,Anthony Tomkins,No,Candidacy Declared Primary
UT,1,Luis Villarreal,No,Candidacy Declared Primary
UT,2,Tyler Farnsworth,No,Candidacy Declared Primary
UT,2,Jarom Gillins,No,Candidacy Declared Primary
UT,2,Ian Parrish,No,Candidacy Declared Primary
UT,3,Steve Merrill,No,Candidacy Declared Primary
UT,4,Archie Williams III,No,Candidacy Declared Primary
VT,1,Becca Balint,Yes,Candidacy Declared Primary
VA,1,Elizabeth Beggs,No,Candidacy Declared Primary
VA,1,Salaam Bhatti,No,Candidacy Declared Primary
VA,1,Tim Cywinski,No,Candidacy Declared Primary
VA,1,Jason Knapp,No,Candidacy Declared Primary
VA,1,Ericka Kopp,No,Candidacy Declared Primary
VA,1,Lewis Littlepage,No,Candidacy Declared Primary
VA,1,James Shea,No,Candidacy Declared Primary
VA,1,Shannon Taylor,No,Candidacy Declared Primary
VA,1,Melvin Tull,No,Candidacy Declared Primary
VA,2,Nila Devanath,No,Candidacy Declared Primary
VA,2,Elaine Luria,No,Candidacy Declared Primary
VA,2,Patrick Mosolf,No,Candidacy Declared Primary
VA,2,James Osyf,No,Candidacy Declared Primary
VA,2,Nicolaus Sleister,No,Candidacy Declared Primary
VA,2,Matt Strickler,No,Candidacy Declared Primary
VA,2,John Stringfellow,No,Candidacy Declared Primary
VA,3,Robert C. Scott,Yes,Candidacy Declared Primary
VA,3,Justin Maffett,No,Candidacy Declared Primary
VA,4,Jennifer McClellan,Yes,Candidacy Declared Primary
VA,5,Gabriella Bedsworth,No,Candidacy Declared Primary
VA,5,Suzanne Krzyzanowski,No,Candidacy Declared Primary
VA,5,Tom Perriello,No,Candidacy Declared Primary
VA,5,Mike Pruitt,No,Candidacy Declared Primary
VA,5,Paul Riley,No,Candidacy Declared Primary
VA,5,Robert Tracinski,No,Candidacy Declared Primary
VA,5,Kate Zabriskie,No,Candidacy Declared Primary
VA,6,Pete Barlow,No,Candidacy Declared Primary
VA,6,Wendy Gooditis,No,Candidacy Declared Primary
VA,6,Beth Macy,No,Candidacy Declared Primary
VA,6,Ken Mitchell,No,Candidacy Declared Primary
VA,6,Hugh Murray,No,Candidacy Declared Primary
VA,7,Eugene Vindman,Yes,Candidacy Declared Primary
VA,7,Joseph Cooney,No,Candidacy Declared Primary
VA,7,Dan Helmer,No,Candidacy Declared Primary
VA,7,Dorothy McAuliffe,No,Candidacy Declared Primary
VA,7,Matthew Rainforth,No,Candidacy Declared Primary
VA,7,Jonathan Schmeelk,No,Candidacy Declared Primary
VA,7,Alex Thymmons,No,Candidacy Declared Primary
VA,7,Olivia Troye,No,Candidacy Declared Primary
VA,8,Donald Sternoff Beyer Jr.,Yes,Candidacy Declared Primary
VA,8,Michael Duffin,No,Candidacy Declared Primary
VA,8,Adam Dunigan,No,Candidacy Declared Primary
VA,8,Frank Ferreira,No,Candidacy Declared Primary
VA,8,Daniel Gray,No,Candidacy Declared Primary
VA,8,Mo Seifeldein,No,Candidacy Declared Primary
VA,9,Douglas Crockett,No,Candidacy Declared Primary
VA,9,Brandi Hall,No,Candidacy Declared Primary
VA,9,Adam Murphy,No,Candidacy Declared Primary
VA,9,Joy Powers,No,Candidacy Declared Primary
VA,10,Suhas Subramanyam,Yes,Candidacy Declared Primary
VA,11,James Walkinshaw,Yes,Candidacy Declared Primary
VA,11,Bree Fram,No,Candidacy Declared Primary
VA,11,Stella Pekarsky,No,Candidacy Declared Primary
VA,11,Amy Roma,No,Candidacy Declared Primary
WA,1,Suzan DelBene,Yes,Candidacy Declared Primary
WA,1,Hunter Gordon,No,Candidacy Declared Primary
WA,1,Benjamin Kincaid,No,Candidacy Declared Primary
WA,2,Rick Larsen,Yes,Candidacy Declared Primary
WA,2,Tomas Scheel,No,Candidacy Declared Primary
WA,3,Marie Gluesenkamp Pérez,Yes,Candidacy Declared Primary
WA,3,Brent Hennrich,No,Candidacy Declared Primary
WA,3,Troy Rasband,No,Candidacy Declared Primary
WA,4,John Duresky,No,Candidacy Declared Primary
WA,5,Carmela Conroy,No,Candidacy Declared Primary
WA,5,Kevin Fagan,No,Candidacy Declared Primary
WA,5,Bajun Mavalwalla,No,Candidacy Declared Primary
WA,5,Anthony Whisenhunt,No,Candidacy Declared Primary
WA,5,David Womack,No,Candidacy Declared Primary
WA,6,Emily Randall,Yes,Candidacy Declared Primary
WA,7,Pramila Jayapal,Yes,Candidacy Declared Primary
WA,8,Kim Schrier,Yes,Candidacy Declared Primary
WA,9,D. Adam Smith,Yes,Candidacy Declared Primary
WA,9,Melissa Chaudhry,No,Candidacy Declared Primary
WA,10,Marilyn Strickland,Yes,Candidacy Declared Primary
WA,10,Adam Arafat,No,Candidacy Declared Primary
VA,1,Britta Aguirre,No,On the Ballot Primary
VA,1,Vince George,No,On the Ballot Primary
VA,2,Ace Parsi,No,On the Ballot Primary
VA,2,Stephanie Spears Tomana,No,On the Ballot Primary
VA,2,Steven Wendelin,No,On the Ballot Primary
WI,1,Miguel Aranda,No,Candidacy Declared Primary
WI,1,Travis Beckius,No,Candidacy Declared Primary
WI,1,Mitchell Berman,No,Candidacy Declared Primary
WI,1,Randy Bryce,No,Candidacy Declared Primary
WI,1,Enrique Casiano,No,Candidacy Declared Primary
WI,1,Adam Follmer,No,Candidacy Declared Primary
WI,1,Lorenzo Santos,No,Candidacy Declared Primary
WI,1,Gage Stills,No,Candidacy Declared Primary
WI,2,Mark Pocan,Yes,Candidacy Declared Primary
WI,3,Emily Berge,No,Candidacy Declared Primary
WI,3,Rebecca Cooke,No,Candidacy Declared Primary
WI,3,Melvin Marin,No,Candidacy Declared Primary
WI,3,Rodney Rave,No,Candidacy Declared Primary
WI,4,Gwen Moore,Yes,Candidacy Declared Primary
WI,4,Amy Donahue,No,Candidacy Declared Primary
WI,4,Asher Smale,No,Candidacy Declared Primary
WI,5,Andrew Beck,No,Candidacy Declared Primary
WI,5,Ben Steinhoff,No,Candidacy Declared Primary
WI,6,Amanda Bell,No,Candidacy Declared Primary
WI,6,Kelly Brown,No,Candidacy Declared Primary
WI,6,Michael Heidenreich,No,Candidacy Declared Primary
WI,6,John Macho,No,Candidacy Declared Primary
WI,6,Joey Marschall,No,Candidacy Declared Primary
WI,6,Kortney Oldham,No,Candidacy Declared Primary
WI,6,Bradley Smith,No,Candidacy Declared Primary
WI,6,Aaron Wojciechowski,No,Candidacy Declared Primary
WI,7,Chris Armstrong,No,Candidacy Declared Primary
WI,7,Fred Clark,No,Candidacy Declared Primary
WI,7,Ginger Murray,No,Candidacy Declared Primary
WI,8,Rick Crosson,No,Candidacy Declared Primary
WI,8,Benjamin Hable,No,Candidacy Declared Primary
WI,8,Mark Scheffler,No,Candidacy Declared Primary
WI,8,Katrina DeVille,No,Candidacy Declared Primary
